latitude,longitude,bright_ti4,scan,track,acq_date,acq_time,satellite,confidence,version,bright_ti5,frp,daynight
26.57776,101.66521,340.32,0.34,0.56,2026-09-06,0544,N21,nominal,2.0NRT,295.62,4.21,D
27.87482,96.91916,325.16,0.62,0.71,2026-09-06,0544,N21,nominal,2.0NRT,288.27,9.28,D
14.10067,100.33099,328.96,0.77,0.77,2026-09-06,0540,N21,nominal,2.0NRT,286.3,10.04,D
14.22676,100.41496,329.67,0.75,0.77,2026-09-06,0540,N21,nominal,2.0NRT,285.11,4.04,D
14.50785,100.5515,334.08,0.73,0.76,2026-09-06,0540,N21,nominal,2.0NRT,286.77,12.23,D
14.50282,100.55569,328.12,0.72,0.76,2026-09-06,0540,N21,nominal,2.0NRT,286.69,6.33,D
14.65038,100.67854,344.83,0.71,0.75,2026-09-06,0540,N21,nominal,2.0NRT,287.12,12.61,D
14.6516,100.67538,329.29,0.71,0.75,2026-09-06,0540,N21,nominal,2.0NRT,286.85,13.45,D
15.146,100.20923,330.33,0.74,0.76,2026-09-06,0540,N21,nominal,2.0NRT,285.64,5.66,D
15.15005,100.03127,333.1,0.76,0.77,2026-09-06,0540,N21,nominal,2.0NRT,286.3,12.76,D
15.14838,100.029,335.75,0.76,0.77,2026-09-06,0540,N21,nominal,2.0NRT,286.2,9.64,D
15.20299,100.04566,349.23,0.76,0.77,2026-09-06,0540,N21,nominal,2.0NRT,286.02,14.28,D
35.46502,101.95705,329.67,0.42,0.46,2026-09-06,0546,N21,nominal,2.0NRT,294.79,2.11,D
6.13999,81.04825,333.88,0.41,0.61,2026-09-06,0718,N21,nominal,2.0NRT,295.22,6.32,D
26.75753,91.44517,339.79,0.39,0.44,2026-09-06,0724,N21,nominal,2.0NRT,292.25,5.19,D
6.20039,81.16876,335.24,0.4,0.6,2026-09-06,0718,N21,nominal,2.0NRT,296.39,3.8,D
27.37982,95.33495,331,0.34,0.56,2026-09-06,0724,N21,nominal,2.0NRT,289.17,3.08,D
6.20132,81.16903,333.27,0.4,0.6,2026-09-06,0718,N21,nominal,2.0NRT,296.47,3.69,D
27.98455,96.97561,328.55,0.44,0.63,2026-09-06,0724,N21,nominal,2.0NRT,290.76,6.63,D
27.98621,96.97636,336.58,0.44,0.63,2026-09-06,0724,N21,nominal,2.0NRT,291.79,6.46,D
6.2606,80.85835,351.16,0.42,0.61,2026-09-06,0718,N21,nominal,2.0NRT,293.8,5.93,D
29.13242,89.25173,329.32,0.48,0.4,2026-09-06,0724,N21,low,2.0NRT,303.32,5.2,D
6.34997,81.34798,335.99,0.39,0.59,2026-09-06,0718,N21,nominal,2.0NRT,287.72,4.88,D
37.30443,79.85003,336.9,0.43,0.38,2026-09-06,0729,N21,nominal,2.0NRT,294.91,4.43,D
6.26617,80.85738,339.29,0.42,0.61,2026-09-06,0718,N21,nominal,2.0NRT,296.69,5.93,D
37.3087,79.85382,330.98,0.43,0.38,2026-09-06,0729,N21,nominal,2.0NRT,294.47,5.25,D
6.26479,80.856,351.46,0.42,0.61,2026-09-06,0718,N21,nominal,2.0NRT,296.69,13.31,D
6.3413,81.12635,346.24,0.4,0.6,2026-09-06,0718,N21,nominal,2.0NRT,297.66,7.03,D
37.30785,79.84907,347.71,0.43,0.38,2026-09-06,0729,N21,nominal,2.0NRT,295.15,5.25,D
6.34067,81.12275,338.15,0.4,0.6,2026-09-06,0718,N21,nominal,2.0NRT,297.11,7.03,D
6.3811,81.03073,367,0.41,0.61,2026-09-06,0718,N21,high,2.0NRT,295.37,22.19,D
38.05305,67.26252,367,0.57,0.69,2026-09-06,0729,N21,high,2.0NRT,316.06,23.39,D
6.38048,81.02711,347.96,0.41,0.61,2026-09-06,0718,N21,nominal,2.0NRT,294.27,22.19,D
38.05077,67.26341,367,0.57,0.69,2026-09-06,0729,N21,high,2.0NRT,316.99,20.29,D
38.05547,65.50736,340.57,0.7,0.75,2026-09-06,0729,N21,nominal,2.0NRT,307.12,9.26,D
6.38111,81.0295,367,0.41,0.61,2026-09-06,0718,N21,high,2.0NRT,296.6,41.73,D
6.42158,81.25405,332.79,0.39,0.6,2026-09-06,0718,N21,nominal,2.0NRT,293.38,2.57,D
38.0571,65.50331,350.99,0.7,0.75,2026-09-06,0729,N21,nominal,2.0NRT,307.96,13.34,D
6.37201,80.78787,331.81,0.43,0.62,2026-09-06,0718,N21,nominal,2.0NRT,294.16,4.16,D
6.45108,81.04076,367,0.41,0.61,2026-09-06,0718,N21,high,2.0NRT,294.56,12.17,D
6.51894,80.90942,332.71,0.42,0.61,2026-09-06,0718,N21,nominal,2.0NRT,294.65,4.16,D
39.38235,67.13002,331.53,0.53,0.67,2026-09-06,0729,N21,nominal,2.0NRT,300.56,4.17,D
6.60755,80.89721,341.27,0.42,0.61,2026-09-06,0718,N21,nominal,2.0NRT,297.69,6.91,D
6.71646,81.32162,333.26,0.39,0.59,2026-09-06,0718,N21,nominal,2.0NRT,297.49,4.97,D
6.71105,81.29081,330.7,0.39,0.59,2026-09-06,0718,N21,nominal,2.0NRT,297.83,3.72,D
6.78527,81.52767,331.77,0.37,0.58,2026-09-06,0718,N21,nominal,2.0NRT,299.12,2.76,D
6.75515,81.35358,331.3,0.38,0.59,2026-09-06,0718,N21,nominal,2.0NRT,297.04,2.37,D
6.73372,81.19785,347.71,0.39,0.6,2026-09-06,0718,N21,nominal,2.0NRT,294.3,5.66,D
6.77872,81.42638,340.23,0.38,0.59,2026-09-06,0718,N21,nominal,2.0NRT,297.23,3.23,D
6.81132,81.5843,334.12,0.37,0.58,2026-09-06,0718,N21,nominal,2.0NRT,298.21,4.7,D
6.80699,81.5274,347.78,0.37,0.58,2026-09-06,0718,N21,nominal,2.0NRT,298.34,5.73,D
6.81131,81.58534,344.7,0.37,0.58,2026-09-06,0718,N21,nominal,2.0NRT,299.2,3.01,D
6.80248,81.47531,330.66,0.38,0.58,2026-09-06,0718,N21,nominal,2.0NRT,297.58,2.26,D
6.81905,81.4146,331.4,0.38,0.59,2026-09-06,0718,N21,nominal,2.0NRT,296.89,3.09,D
6.83906,81.46586,367,0.38,0.58,2026-09-06,0718,N21,high,2.0NRT,300.21,11.57,D
6.88099,81.67355,367,0.36,0.58,2026-09-06,0718,N21,high,2.0NRT,301,19.05,D
6.88043,81.67033,367,0.36,0.58,2026-09-06,0718,N21,high,2.0NRT,300.39,19.05,D
6.9616,81.82992,336.04,0.35,0.57,2026-09-06,0718,N21,nominal,2.0NRT,299.08,3.39,D
6.89532,81.41201,334.11,0.38,0.59,2026-09-06,0718,N21,nominal,2.0NRT,293.92,3,D
6.91203,81.47757,331.16,0.37,0.58,2026-09-06,0718,N21,nominal,2.0NRT,296.14,3.7,D
6.91146,81.47424,334.19,0.37,0.58,2026-09-06,0718,N21,nominal,2.0NRT,296.17,4.23,D
6.89384,81.41226,333.36,0.38,0.59,2026-09-06,0718,N21,nominal,2.0NRT,293.64,2.39,D
6.91043,81.4743,337.73,0.37,0.58,2026-09-06,0718,N21,nominal,2.0NRT,295.74,4.41,D
6.96602,81.57301,330.79,0.37,0.58,2026-09-06,0718,N21,nominal,2.0NRT,297.47,2.55,D
6.96544,81.56973,331.37,0.37,0.58,2026-09-06,0718,N21,nominal,2.0NRT,296.44,2.55,D
6.98108,81.59716,330.52,0.37,0.58,2026-09-06,0718,N21,nominal,2.0NRT,297.51,3.16,D
6.94837,81.41089,341.84,0.38,0.59,2026-09-06,0718,N21,nominal,2.0NRT,291.99,4,D
6.98463,81.58661,344.35,0.37,0.58,2026-09-06,0718,N21,nominal,2.0NRT,297.34,7.12,D
7.13712,81.77805,332.86,0.35,0.57,2026-09-06,0718,N21,nominal,2.0NRT,297.81,3.41,D
7.13942,81.07836,346.53,0.4,0.6,2026-09-06,0718,N21,nominal,2.0NRT,293.58,9.71,D
7.27871,81.71591,330.25,0.35,0.57,2026-09-06,0720,N21,nominal,2.0NRT,296.21,1.65,D
7.28894,81.74327,332.78,0.35,0.57,2026-09-06,0720,N21,nominal,2.0NRT,297.54,2.1,D
7.30356,81.79538,330.05,0.35,0.57,2026-09-06,0720,N21,nominal,2.0NRT,296.17,2.26,D
7.30871,81.79452,339.75,0.35,0.57,2026-09-06,0720,N21,nominal,2.0NRT,295.93,3.65,D
7.30816,81.79142,336,0.35,0.57,2026-09-06,0720,N21,nominal,2.0NRT,296.18,3.77,D
7.3258,81.80125,343.89,0.35,0.57,2026-09-06,0720,N21,nominal,2.0NRT,297.44,3.43,D
7.33437,81.72919,336.18,0.35,0.57,2026-09-06,0720,N21,nominal,2.0NRT,296.55,3.16,D
7.38701,81.78769,353.81,0.35,0.57,2026-09-06,0720,N21,nominal,2.0NRT,295.58,6.41,D
7.38412,81.78901,336.91,0.35,0.57,2026-09-06,0720,N21,nominal,2.0NRT,295.45,7.62,D
7.3979,81.65795,334.09,0.36,0.57,2026-09-06,0720,N21,nominal,2.0NRT,293.96,2.42,D
7.4122,81.67829,330.12,0.35,0.57,2026-09-06,0720,N21,nominal,2.0NRT,293.89,3.08,D
7.42608,81.66621,367,0.36,0.57,2026-09-06,0720,N21,high,2.0NRT,296.09,13.61,D
7.50104,81.74751,332.1,0.35,0.57,2026-09-06,0720,N21,nominal,2.0NRT,294.21,4.6,D
7.33059,79.98771,333.04,0.47,0.64,2026-09-06,0720,N21,nominal,2.0NRT,291.71,5.64,D
7.70656,81.5966,346.17,0.36,0.57,2026-09-06,0720,N21,nominal,2.0NRT,295.7,5.03,D
7.62587,80.83673,345.04,0.4,0.6,2026-09-06,0720,N21,nominal,2.0NRT,295.8,7.39,D
7.71267,80.71763,336.98,0.41,0.61,2026-09-06,0720,N21,nominal,2.0NRT,292.19,2.52,D
7.87399,80.89081,334.55,0.4,0.6,2026-09-06,0720,N21,nominal,2.0NRT,293.74,3.75,D
7.77094,80.0999,332.59,0.45,0.63,2026-09-06,0720,N21,nominal,2.0NRT,292.06,7.01,D
8.01386,81.25735,330.66,0.37,0.58,2026-09-06,0720,N21,nominal,2.0NRT,295.78,4.11,D
7.84237,80.23505,332.42,0.44,0.62,2026-09-06,0720,N21,nominal,2.0NRT,291.97,4.36,D
7.93987,80.68458,340.47,0.41,0.6,2026-09-06,0720,N21,nominal,2.0NRT,291.25,7.64,D
8.1549,81.41106,330.14,0.36,0.57,2026-09-06,0720,N21,nominal,2.0NRT,292.83,3.03,D
8.03601,80.61691,335.39,0.41,0.61,2026-09-06,0720,N21,nominal,2.0NRT,289.62,4.62,D
7.9611,80.1642,330.71,0.44,0.63,2026-09-06,0720,N21,nominal,2.0NRT,291.21,9.82,D
7.99323,80.27926,344.62,0.43,0.62,2026-09-06,0720,N21,nominal,2.0NRT,293.04,8.5,D
8.04178,80.64662,330.47,0.41,0.6,2026-09-06,0720,N21,nominal,2.0NRT,291.49,3.01,D
8.03638,80.61749,342.81,0.41,0.61,2026-09-06,0720,N21,nominal,2.0NRT,289.61,3.13,D
7.95078,80.12637,332.7,0.44,0.63,2026-09-06,0720,N21,nominal,2.0NRT,292.95,3.13,D
7.96385,80.16504,353.18,0.44,0.62,2026-09-06,0720,N21,nominal,2.0NRT,292.08,9.14,D
7.99679,80.27979,341.19,0.43,0.62,2026-09-06,0720,N21,nominal,2.0NRT,289.58,4.63,D
7.99665,80.21604,354.86,0.44,0.62,2026-09-06,0720,N21,nominal,2.0NRT,290.78,14.2,D
8.02004,80.31163,330.28,0.43,0.62,2026-09-06,0720,N21,nominal,2.0NRT,289.97,5.14,D
7.96503,80.01275,330.19,0.45,0.63,2026-09-06,0720,N21,nominal,2.0NRT,290.92,6.79,D
8.0389,80.3515,349.41,0.43,0.62,2026-09-06,0720,N21,nominal,2.0NRT,290.15,9.39,D
8.09861,80.55402,343.5,0.41,0.61,2026-09-06,0720,N21,nominal,2.0NRT,292.18,10.32,D
8.06931,80.23161,335.04,0.44,0.62,2026-09-06,0720,N21,nominal,2.0NRT,288.07,5.34,D
8.07245,80.22962,335.56,0.44,0.62,2026-09-06,0720,N21,nominal,2.0NRT,288.64,4.66,D
8.17463,80.5954,367,0.41,0.61,2026-09-06,0720,N21,high,2.0NRT,292.29,18.08,D
8.21838,80.77317,331,0.4,0.6,2026-09-06,0720,N21,nominal,2.0NRT,289.9,5.06,D
8.22987,80.77476,340.29,0.4,0.6,2026-09-06,0720,N21,nominal,2.0NRT,292.22,7.29,D
8.28515,80.98885,332.07,0.38,0.59,2026-09-06,0720,N21,nominal,2.0NRT,292.89,5.99,D
8.22733,80.605,331.76,0.41,0.6,2026-09-06,0720,N21,nominal,2.0NRT,294.58,9.38,D
8.24302,80.53432,330.47,0.41,0.61,2026-09-06,0720,N21,nominal,2.0NRT,289.93,3,D
8.30296,80.80885,367,0.39,0.6,2026-09-06,0720,N21,high,2.0NRT,294.13,11.53,D
8.30048,80.79481,334.35,0.39,0.6,2026-09-06,0720,N21,nominal,2.0NRT,293.53,8.18,D
8.30469,80.80684,367,0.39,0.6,2026-09-06,0720,N21,high,2.0NRT,295.08,15.36,D
8.30274,80.79626,343.23,0.39,0.6,2026-09-06,0720,N21,nominal,2.0NRT,293.16,10.11,D
8.25499,80.25665,343.4,0.43,0.62,2026-09-06,0720,N21,nominal,2.0NRT,293.89,10.8,D
8.2606,80.25567,349.96,0.43,0.62,2026-09-06,0720,N21,nominal,2.0NRT,292.22,10.8,D
8.36094,80.77875,343.56,0.39,0.6,2026-09-06,0720,N21,nominal,2.0NRT,293.89,4.98,D
8.36823,80.78828,330.98,0.39,0.6,2026-09-06,0720,N21,nominal,2.0NRT,292.03,3.54,D
8.32054,80.30001,342.88,0.43,0.62,2026-09-06,0720,N21,nominal,2.0NRT,291.87,6.07,D
8.40215,80.72793,331.46,0.4,0.6,2026-09-06,0720,N21,nominal,2.0NRT,295.02,8.26,D
8.31937,80.3007,338.03,0.43,0.62,2026-09-06,0720,N21,nominal,2.0NRT,291.51,7.38,D
8.39976,80.67367,338.29,0.4,0.6,2026-09-06,0720,N21,nominal,2.0NRT,293.79,4.77,D
8.4052,80.67271,367,0.4,0.6,2026-09-06,0720,N21,high,2.0NRT,293.99,20.19,D
8.40454,80.66913,338.29,0.4,0.6,2026-09-06,0720,N21,nominal,2.0NRT,293.34,11.31,D
8.31421,80.17928,330.06,0.43,0.62,2026-09-06,0720,N21,nominal,2.0NRT,291.8,5,D
8.42046,80.63319,334.48,0.4,0.6,2026-09-06,0720,N21,nominal,2.0NRT,292.02,5.29,D
8.42983,80.65374,330.33,0.4,0.6,2026-09-06,0720,N21,nominal,2.0NRT,293.35,4.75,D
8.40109,80.43324,337.34,0.42,0.61,2026-09-06,0720,N21,nominal,2.0NRT,292.84,7.74,D
8.48377,80.7354,342.97,0.4,0.6,2026-09-06,0720,N21,nominal,2.0NRT,293.84,8.85,D
8.47246,80.60928,367,0.4,0.6,2026-09-06,0720,N21,high,2.0NRT,290.5,13.47,D
8.50005,80.7328,332.18,0.4,0.6,2026-09-06,0720,N21,nominal,2.0NRT,292.95,5.63,D
8.49623,80.73165,333.61,0.4,0.6,2026-09-06,0720,N21,nominal,2.0NRT,293.23,6.87,D
8.52117,80.80617,335.46,0.39,0.59,2026-09-06,0720,N21,nominal,2.0NRT,291.48,3.71,D
8.44197,80.31695,367,0.42,0.61,2026-09-06,0720,N21,high,2.0NRT,293.21,14.84,D
8.51684,80.59992,349.7,0.4,0.6,2026-09-06,0720,N21,nominal,2.0NRT,285.91,7.3,D
8.56027,80.74605,338.78,0.39,0.6,2026-09-06,0720,N21,nominal,2.0NRT,292.03,7.99,D
8.58128,80.83142,350.04,0.39,0.59,2026-09-06,0720,N21,nominal,2.0NRT,291.14,7.14,D
8.60402,80.83466,350.04,0.39,0.59,2026-09-06,0720,N21,nominal,2.0NRT,293.27,10.79,D
8.50555,80.22356,367,0.43,0.62,2026-09-06,0720,N21,high,2.0NRT,292.89,12.4,D
8.50486,80.21972,367,0.43,0.62,2026-09-06,0720,N21,high,2.0NRT,292.63,12.4,D
8.50377,80.22226,367,0.43,0.62,2026-09-06,0720,N21,high,2.0NRT,292.79,13.15,D
8.58104,80.63495,331.2,0.4,0.6,2026-09-06,0720,N21,nominal,2.0NRT,285.51,4.77,D
8.50305,80.21844,334.87,0.43,0.62,2026-09-06,0720,N21,nominal,2.0NRT,292,13.15,D
8.51852,80.23936,336.6,0.43,0.62,2026-09-06,0720,N21,nominal,2.0NRT,291.83,4.18,D
8.61992,80.69353,335.94,0.4,0.6,2026-09-06,0720,N21,nominal,2.0NRT,283.25,3.98,D
8.59793,80.51321,334.42,0.41,0.6,2026-09-06,0720,N21,nominal,2.0NRT,292.58,5.95,D
8.64632,80.62362,335.58,0.4,0.6,2026-09-06,0720,N21,nominal,2.0NRT,290.09,5.54,D
8.6582,80.50248,367,0.41,0.6,2026-09-06,0720,N21,high,2.0NRT,291.04,12.67,D
8.65885,80.50611,330.59,0.41,0.6,2026-09-06,0720,N21,nominal,2.0NRT,288.47,8.34,D
8.6569,80.49527,345,0.41,0.6,2026-09-06,0720,N21,nominal,2.0NRT,290.39,8.82,D
8.71491,80.53058,352.79,0.4,0.6,2026-09-06,0720,N21,nominal,2.0NRT,292.75,10.12,D
8.74966,80.53562,344.77,0.4,0.6,2026-09-06,0720,N21,nominal,2.0NRT,292.98,7.6,D
8.749,80.532,343,0.4,0.6,2026-09-06,0720,N21,nominal,2.0NRT,293.02,14.43,D
8.75512,80.53464,332.54,0.4,0.6,2026-09-06,0720,N21,nominal,2.0NRT,293.1,7.6,D
8.77759,80.53429,331.58,0.4,0.6,2026-09-06,0720,N21,nominal,2.0NRT,292.23,6.3,D
8.79782,80.55302,348.62,0.4,0.6,2026-09-06,0720,N21,nominal,2.0NRT,292.38,4.9,D
8.80965,80.57843,331.78,0.4,0.6,2026-09-06,0720,N21,nominal,2.0NRT,294.34,6.62,D
8.7461,80.20624,339.04,0.43,0.62,2026-09-06,0720,N21,nominal,2.0NRT,291.76,9.98,D
8.74539,80.20245,333.89,0.43,0.62,2026-09-06,0720,N21,nominal,2.0NRT,290.37,6.95,D
8.81484,80.48472,330.84,0.41,0.6,2026-09-06,0720,N21,nominal,2.0NRT,292.52,5.35,D
8.87522,80.72227,337.42,0.39,0.59,2026-09-06,0720,N21,nominal,2.0NRT,290.26,4.28,D
8.92696,80.8857,340.01,0.38,0.59,2026-09-06,0720,N21,nominal,2.0NRT,287.4,7.56,D
8.93288,80.76529,333.95,0.39,0.59,2026-09-06,0720,N21,nominal,2.0NRT,288.73,3.04,D
8.91877,80.43142,346.19,0.41,0.6,2026-09-06,0720,N21,nominal,2.0NRT,291.36,7.5,D
9.00035,80.66301,340.28,0.39,0.59,2026-09-06,0720,N21,nominal,2.0NRT,279.16,6.38,D
9.07009,80.51222,332.68,0.4,0.6,2026-09-06,0720,N21,nominal,2.0NRT,290.14,3.66,D
9.2094,80.80424,352.76,0.38,0.59,2026-09-06,0720,N21,nominal,2.0NRT,292.71,7.03,D
9.23457,80.66959,348.94,0.39,0.59,2026-09-06,0720,N21,nominal,2.0NRT,292.19,8.1,D
9.38468,80.51876,345.42,0.39,0.6,2026-09-06,0720,N21,nominal,2.0NRT,291,5.7,D
9.3743,80.46233,339.61,0.4,0.6,2026-09-06,0720,N21,nominal,2.0NRT,290.52,4.13,D
9.35343,80.28749,331.28,0.41,0.61,2026-09-06,0720,N21,nominal,2.0NRT,288.26,2.47,D
9.4027,80.46444,341.1,0.4,0.6,2026-09-06,0720,N21,nominal,2.0NRT,291.79,8.93,D
9.40206,80.4609,346.37,0.4,0.6,2026-09-06,0720,N21,nominal,2.0NRT,292.14,8.5,D
9.40877,80.467,367,0.4,0.6,2026-09-06,0720,N21,high,2.0NRT,292.53,10.66,D
9.398,80.37682,338.47,0.4,0.6,2026-09-06,0720,N21,nominal,2.0NRT,289.34,2.85,D
9.39895,80.3748,336.16,0.4,0.6,2026-09-06,0720,N21,nominal,2.0NRT,289.92,3.96,D
9.42008,80.36726,330.35,0.4,0.6,2026-09-06,0720,N21,nominal,2.0NRT,290.76,2.24,D
9.46915,80.47984,349.73,0.4,0.6,2026-09-06,0720,N21,nominal,2.0NRT,289.89,19.34,D
9.4698,80.48336,355.61,0.4,0.6,2026-09-06,0720,N21,low,2.0NRT,287.85,19.34,D
9.47606,80.45673,340.28,0.4,0.6,2026-09-06,0720,N21,nominal,2.0NRT,289.8,4.51,D
9.06089,77.65742,330.2,0.63,0.72,2026-09-06,0720,N21,nominal,2.0NRT,289.16,6.47,D
9.76366,80.16456,338.37,0.41,0.61,2026-09-06,0720,N21,nominal,2.0NRT,289.64,6.59,D
9.76915,80.16356,355.69,0.41,0.61,2026-09-06,0720,N21,low,2.0NRT,289.47,6.59,D
9.77767,78.38486,346.77,0.54,0.68,2026-09-06,0720,N21,nominal,2.0NRT,285.86,11.04,D
10.35633,79.15871,337.42,0.47,0.64,2026-09-06,0720,N21,nominal,2.0NRT,286.42,6.29,D
10.3562,79.15823,339.14,0.47,0.64,2026-09-06,0720,N21,nominal,2.0NRT,286.24,5.56,D
14.00905,100.34172,338.05,0.51,0.66,2026-09-06,0720,N21,nominal,2.0NRT,289.65,6.77,D
14.01035,100.34074,336.87,0.51,0.66,2026-09-06,0720,N21,nominal,2.0NRT,289.71,6.13,D
14.08584,100.35583,332.81,0.51,0.66,2026-09-06,0720,N21,nominal,2.0NRT,289.06,8.54,D
14.09192,100.35513,353.57,0.51,0.66,2026-09-06,0720,N21,nominal,2.0NRT,289.4,12.32,D
14.0914,100.3504,332.05,0.51,0.66,2026-09-06,0720,N21,nominal,2.0NRT,288.33,12.32,D
14.08676,100.35256,354.39,0.51,0.66,2026-09-06,0720,N21,nominal,2.0NRT,289.3,32.29,D
14.16739,100.3575,332.65,0.52,0.67,2026-09-06,0720,N21,nominal,2.0NRT,286.69,4.86,D
10.93033,78.4953,331.85,0.51,0.66,2026-09-06,0720,N21,nominal,2.0NRT,289.5,3.63,D
14.25992,100.12157,335,0.5,0.66,2026-09-06,0720,N21,nominal,2.0NRT,286.42,2.87,D
10.94046,78.16074,342.28,0.54,0.68,2026-09-06,0720,N21,nominal,2.0NRT,285.74,3.88,D
14.33579,100.36381,331.77,0.52,0.67,2026-09-06,0720,N21,nominal,2.0NRT,288.76,7.64,D
14.34784,100.3517,342.11,0.52,0.67,2026-09-06,0720,N21,nominal,2.0NRT,288.19,6.13,D
10.89275,77.62709,335.17,0.58,0.7,2026-09-06,0720,N21,nominal,2.0NRT,290.69,7.34,D
14.38379,100.22794,339.69,0.51,0.66,2026-09-06,0720,N21,nominal,2.0NRT,289.57,11.15,D
14.47959,100.30475,335.7,0.52,0.67,2026-09-06,0720,N21,nominal,2.0NRT,288.48,2.79,D
14.44524,99.55265,330.53,0.46,0.63,2026-09-06,0720,N21,nominal,2.0NRT,290.41,2.4,D
14.63451,100.35612,353.39,0.52,0.67,2026-09-06,0720,N21,nominal,2.0NRT,288.41,16.74,D
14.63542,100.36041,331.18,0.52,0.67,2026-09-06,0720,N21,nominal,2.0NRT,288.57,10.33,D
14.63492,100.35558,352.03,0.52,0.67,2026-09-06,0720,N21,nominal,2.0NRT,288.06,11.74,D
14.66093,100.36723,354.78,0.52,0.67,2026-09-06,0720,N21,nominal,2.0NRT,288.78,12.33,D
14.71818,100.38027,341.21,0.53,0.67,2026-09-06,0720,N21,nominal,2.0NRT,288.8,6.49,D
14.78702,100.56374,340.44,0.54,0.68,2026-09-06,0720,N21,nominal,2.0NRT,288.78,8.72,D
14.82137,100.29687,335.64,0.52,0.67,2026-09-06,0720,N21,nominal,2.0NRT,288.76,6.92,D
14.82168,100.29399,331.01,0.52,0.67,2026-09-06,0720,N21,nominal,2.0NRT,288.71,7.51,D
14.9474,100.42724,335.85,0.53,0.67,2026-09-06,0720,N21,nominal,2.0NRT,285.23,6.26,D
11.62928,76.9966,333.19,0.63,0.72,2026-09-06,0720,N21,nominal,2.0NRT,288.3,10.29,D
15.84356,99.65942,341.63,0.49,0.65,2026-09-06,0720,N21,nominal,2.0NRT,287.7,6.49,D
15.84118,99.65892,345.9,0.49,0.65,2026-09-06,0720,N21,nominal,2.0NRT,288.18,9.06,D
15.90678,99.82771,329.67,0.5,0.66,2026-09-06,0720,N21,nominal,2.0NRT,287.58,3.77,D
16.08566,100.23604,332.6,0.53,0.67,2026-09-06,0720,N21,nominal,2.0NRT,287.29,5.34,D
16.07628,99.96664,336.07,0.51,0.66,2026-09-06,0720,N21,nominal,2.0NRT,288.06,10.46,D
16.07776,99.9683,344.36,0.51,0.66,2026-09-06,0720,N21,nominal,2.0NRT,287.65,7.88,D
16.11853,99.82531,331.72,0.5,0.66,2026-09-06,0720,N21,nominal,2.0NRT,287.62,3.41,D
16.54486,99.55492,329.46,0.49,0.65,2026-09-06,0720,N21,nominal,2.0NRT,288.83,2.88,D
16.67652,100.23965,331.34,0.54,0.68,2026-09-06,0720,N21,nominal,2.0NRT,279.78,6.78,D
16.5745,79.53558,337.48,0.34,0.56,2026-09-06,0722,N21,nominal,2.0NRT,295.02,3.57,D
19.89053,99.25383,326.57,0.51,0.66,2026-09-06,0722,N21,nominal,2.0NRT,290.9,3.75,D
17.85695,82.5862,340.58,0.41,0.45,2026-09-06,0722,N21,nominal,2.0NRT,299.03,13.78,D
20.24194,100.01614,341.73,0.58,0.7,2026-09-06,0722,N21,nominal,2.0NRT,289.1,8.72,D
18.34005,83.61451,341.79,0.52,0.42,2026-09-06,0722,N21,nominal,2.0NRT,299.78,6.89,D
25.02586,96.36914,335.06,0.38,0.59,2026-09-06,0724,N21,nominal,2.0NRT,291.21,2.58,D
25.24637,96.33969,353.77,0.38,0.59,2026-09-06,0724,N21,nominal,2.0NRT,291.46,7.76,D
5.52216,95.82217,331.27,0.39,0.44,2026-09-06,0718,N21,nominal,2.0NRT,292.09,2.32,D
9.01685,77.36189,330.32,0.64,0.72,2026-09-06,0900,N21,nominal,2.0NRT,290,2.82,D
14.60401,76.94505,337.41,0.71,0.75,2026-09-06,0902,N21,nominal,2.0NRT,292.54,11.72,D
18.01203,54.57338,344.24,0.6,0.53,2026-09-06,0905,N21,nominal,2.0NRT,308.71,16.58,D
18.3205,55.10505,351.1,0.54,0.51,2026-09-06,0905,N21,nominal,2.0NRT,310.99,5.94,D
27.16048,56.10092,342.92,0.5,0.41,2026-09-06,0905,N21,nominal,2.0NRT,308.69,10.81,D
21.10568,72.64432,346.09,0.44,0.62,2026-09-06,0905,N21,nominal,2.0NRT,288.81,7.04,D
21.10248,72.64528,336.07,0.44,0.62,2026-09-06,0905,N21,nominal,2.0NRT,287.71,4.62,D
20.22497,55.7402,346.04,0.46,0.47,2026-09-06,0905,N21,nominal,2.0NRT,313.81,1.06,D
20.38923,55.66284,345.2,0.46,0.47,2026-09-06,0905,N21,nominal,2.0NRT,315.12,2.96,D
22.49434,70.02252,334.17,0.61,0.53,2026-09-06,0905,N21,nominal,2.0NRT,295.48,4.24,D
20.55878,56.4187,337.37,0.41,0.45,2026-09-06,0905,N21,low,2.0NRT,310.37,1.33,D
23.17906,68.86296,341.75,0.52,0.5,2026-09-06,0905,N21,nominal,2.0NRT,298.62,7.71,D
23.1795,68.86138,345.87,0.52,0.5,2026-09-06,0905,N21,nominal,2.0NRT,298.93,9.5,D
22.94703,57.50959,333.62,0.49,0.4,2026-09-06,0905,N21,low,2.0NRT,307.61,3.4,D
24.57346,67.88837,330.74,0.47,0.48,2026-09-06,0905,N21,nominal,2.0NRT,297.97,4.12,D
22.87902,55.9249,339.46,0.4,0.44,2026-09-06,0905,N21,low,2.0NRT,311.61,1.29,D
22.87468,55.61645,339.42,0.42,0.45,2026-09-06,0905,N21,low,2.0NRT,310.91,1.25,D
23.18961,55.45598,345.03,0.42,0.45,2026-09-06,0905,N21,nominal,2.0NRT,310.77,5.44,D
24.50454,56.60576,345.73,0.52,0.41,2026-09-06,0905,N21,nominal,2.0NRT,311.3,17.76,D
24.50814,54.01962,333.3,0.49,0.48,2026-09-06,0907,N21,nominal,2.0NRT,301.98,3.44,D
28.2503,67.75222,339.61,0.51,0.5,2026-09-06,0907,N21,nominal,2.0NRT,304.48,3.98,D
35.84071,62.99509,348.79,0.52,0.42,2026-09-06,0907,N21,low,2.0NRT,323.65,27.34,D
37.36337,61.27385,346.12,0.46,0.39,2026-09-06,0907,N21,nominal,2.0NRT,317.11,24.49,D
37.61829,62.13881,341.06,0.5,0.41,2026-09-06,0907,N21,nominal,2.0NRT,313.55,2.72,D
37.61962,62.13772,342.54,0.5,0.41,2026-09-06,0907,N21,nominal,2.0NRT,314.55,4.76,D
38.05702,65.50195,342.38,0.49,0.49,2026-09-06,0907,N21,nominal,2.0NRT,314.9,4.43,D
38.08701,65.55837,337.51,0.5,0.49,2026-09-06,0907,N21,low,2.0NRT,310.04,5.45,D
36.9876,54.63877,342.23,0.43,0.38,2026-09-06,0907,N21,nominal,2.0NRT,302.63,7,D
36.99101,54.63781,353.07,0.43,0.38,2026-09-06,0907,N21,nominal,2.0NRT,304.59,7,D
37.51169,57.5103,335.81,0.38,0.36,2026-09-06,0907,N21,low,2.0NRT,310.17,2.61,D
37.14184,55.04665,336.07,0.42,0.37,2026-09-06,0907,N21,nominal,2.0NRT,299.91,4.69,D
37.1444,55.04115,346.68,0.42,0.37,2026-09-06,0907,N21,nominal,2.0NRT,300.41,5.75,D
38.0999,58.09413,342.85,0.39,0.36,2026-09-06,0907,N21,nominal,2.0NRT,312.71,3.26,D
38.10382,58.09774,341.85,0.39,0.36,2026-09-06,0907,N21,nominal,2.0NRT,311.75,2.42,D
38.13217,56.51474,333.29,0.39,0.36,2026-09-06,0907,N21,low,2.0NRT,308.19,1.72,D
39.03022,56.44052,336.16,0.39,0.36,2026-09-06,0909,N21,nominal,2.0NRT,307.58,2.9,D
39.03349,56.43967,338.51,0.39,0.36,2026-09-06,0909,N21,nominal,2.0NRT,308.01,2.71,D
38.68011,54.31721,344.19,0.42,0.38,2026-09-06,0909,N21,nominal,2.0NRT,313.55,4.15,D
29.74802,98.71553,299.39,0.33,0.55,2026-09-06,1947,N21,nominal,2.0NRT,281.7,0.64,N
29.74798,98.71642,300.47,0.33,0.55,2026-09-06,1947,N21,nominal,2.0NRT,281.71,0.81,N
11.92694,78.42115,310.15,0.46,0.47,2026-09-06,1953,N21,nominal,2.0NRT,279.06,1.68,N
10.90637,77.41584,305.31,0.52,0.5,2026-09-06,1953,N21,nominal,2.0NRT,288.22,1.64,N
10.90553,77.41677,303.06,0.52,0.5,2026-09-06,1953,N21,nominal,2.0NRT,288.18,0.89,N
27.53809,99.55526,296.15,0.42,0.61,2026-09-06,1949,N21,nominal,2.0NRT,285.06,0.67,N
10.61561,77.42004,305.64,0.51,0.5,2026-09-06,1953,N21,nominal,2.0NRT,289.97,1.34,N
27.37821,95.33459,305.64,0.47,0.47,2026-09-06,1949,N21,nominal,2.0NRT,288.04,2.09,N
10.39689,77.61567,334,0.49,0.49,2026-09-06,1955,N21,nominal,2.0NRT,287.66,6.43,N
27.32282,95.27635,306.54,0.46,0.47,2026-09-06,1949,N21,nominal,2.0NRT,289.34,2.59,N
8.08453,80.78139,298.88,0.45,0.39,2026-09-06,1955,N21,nominal,2.0NRT,282.58,0.45,N
27.31623,95.26494,305.56,0.46,0.47,2026-09-06,1949,N21,nominal,2.0NRT,288.89,1.88,N
7.80051,79.83681,305.69,0.5,0.41,2026-09-06,1955,N21,nominal,2.0NRT,291.91,2.27,N
7.69619,80.44563,310.04,0.46,0.39,2026-09-06,1955,N21,nominal,2.0NRT,291.96,1.06,N
27.3179,95.26727,307.94,0.46,0.47,2026-09-06,1949,N21,nominal,2.0NRT,289.22,1.68,N
7.07427,80.85882,323.29,0.44,0.38,2026-09-06,1955,N21,nominal,2.0NRT,288.54,1.86,N
7.07072,80.85854,323.07,0.44,0.38,2026-09-06,1955,N21,nominal,2.0NRT,289.2,1.85,N
29.47326,76.85646,324.33,0.47,0.64,2026-09-06,1949,N21,nominal,2.0NRT,290.26,4.33,N
7.07128,80.85484,306.39,0.44,0.38,2026-09-06,1955,N21,nominal,2.0NRT,285.99,1.03,N
7.06719,80.85822,309.08,0.44,0.38,2026-09-06,1955,N21,nominal,2.0NRT,287.63,1.85,N
29.47356,76.85158,302.93,0.47,0.64,2026-09-06,1949,N21,nominal,2.0NRT,289.78,3.15,N
6.86306,81.40453,339.12,0.42,0.37,2026-09-06,1955,N21,nominal,2.0NRT,296.45,14.16,N
6.81242,81.52978,314.8,0.41,0.37,2026-09-06,1955,N21,nominal,2.0NRT,293.94,1.82,N
29.47515,76.85677,331.04,0.47,0.64,2026-09-06,1949,N21,nominal,2.0NRT,290.31,5.28,N
6.76235,81.51471,348.06,0.41,0.37,2026-09-06,1955,N21,nominal,2.0NRT,296.07,7.8,N
29.47548,76.85191,304.26,0.47,0.64,2026-09-06,1949,N21,nominal,2.0NRT,290.19,3.72,N
6.75894,81.51421,325.96,0.41,0.37,2026-09-06,1955,N21,nominal,2.0NRT,294.45,7.8,N
25.53565,100.57882,298.17,0.53,0.67,2026-09-06,1949,N21,nominal,2.0NRT,284.98,1.98,N
28.77802,76.94595,304.33,0.46,0.63,2026-09-06,1949,N21,nominal,2.0NRT,289.64,1.37,N
28.34819,77.22955,305.35,0.44,0.62,2026-09-06,1949,N21,nominal,2.0NRT,280.96,1.15,N
25.81025,88.88363,308.18,0.39,0.36,2026-09-06,1949,N21,nominal,2.0NRT,290.52,2.12,N
24.20427,82.70858,297.39,0.54,0.42,2026-09-06,1949,N21,nominal,2.0NRT,270.96,1.13,N
23.61466,86.79137,308.98,0.39,0.36,2026-09-06,1949,N21,nominal,2.0NRT,286.72,1.61,N
24.15831,82.56628,305.94,0.55,0.43,2026-09-06,1949,N21,nominal,2.0NRT,282.34,1.9,N
23.48274,87.36269,312.05,0.38,0.36,2026-09-06,1949,N21,nominal,2.0NRT,292.75,3.34,N
20.74997,98.33984,297.36,0.49,0.65,2026-09-06,1951,N21,nominal,2.0NRT,284.45,0.8,N
22.8019,86.09149,318.96,0.39,0.36,2026-09-06,1951,N21,nominal,2.0NRT,289.46,2.05,N
22.79858,86.09092,305.09,0.39,0.36,2026-09-06,1951,N21,nominal,2.0NRT,289.32,2.05,N
23.16751,82.33961,309.71,0.55,0.43,2026-09-06,1951,N21,nominal,2.0NRT,290.04,2.29,N
23.16684,82.34496,304.82,0.55,0.43,2026-09-06,1951,N21,nominal,2.0NRT,289.89,1.37,N
23.16361,82.33897,317.03,0.55,0.43,2026-09-06,1951,N21,nominal,2.0NRT,290.2,2.29,N
22.3781,87.27927,319.56,0.38,0.36,2026-09-06,1951,N21,nominal,2.0NRT,288.59,3.42,N
22.36474,87.29965,320.44,0.38,0.36,2026-09-06,1951,N21,nominal,2.0NRT,289.36,3.58,N
22.05496,85.4639,312.12,0.4,0.37,2026-09-06,1951,N21,nominal,2.0NRT,291.38,1.76,N
22.33105,82.60877,308.47,0.52,0.42,2026-09-06,1951,N21,nominal,2.0NRT,287.6,3.44,N
22.35738,82.30347,319.05,0.54,0.42,2026-09-06,1951,N21,nominal,2.0NRT,289.87,4.29,N
22.32152,82.592,311.4,0.52,0.42,2026-09-06,1951,N21,nominal,2.0NRT,289.16,1.93,N
22.3234,82.54583,306.81,0.53,0.42,2026-09-06,1951,N21,nominal,2.0NRT,291.22,2.56,N
22.32086,82.56615,311.06,0.53,0.42,2026-09-06,1951,N21,nominal,2.0NRT,290.47,2.92,N
22.31768,82.56052,313.71,0.53,0.42,2026-09-06,1951,N21,nominal,2.0NRT,289.79,2.92,N
22.31702,82.5345,307.37,0.53,0.42,2026-09-06,1951,N21,nominal,2.0NRT,290.57,3.28,N
22.35644,82.30141,314.88,0.54,0.42,2026-09-06,1951,N21,nominal,2.0NRT,289.64,2.76,N
22.32212,82.56421,305.79,0.52,0.42,2026-09-06,1951,N21,nominal,2.0NRT,290.22,2.06,N
22.3183,82.56366,319.08,0.52,0.42,2026-09-06,1951,N21,nominal,2.0NRT,290.38,2.06,N
22.31763,82.56873,306.95,0.52,0.42,2026-09-06,1951,N21,nominal,2.0NRT,290.47,2.06,N
22.3178,82.53771,306.32,0.53,0.42,2026-09-06,1951,N21,nominal,2.0NRT,290.36,3.07,N
21.93201,85.21877,303.37,0.4,0.37,2026-09-06,1951,N21,nominal,2.0NRT,289.91,0.87,N
21.92807,85.22208,307.39,0.4,0.37,2026-09-06,1951,N21,nominal,2.0NRT,291.47,1.84,N
21.9247,85.22151,317.23,0.4,0.37,2026-09-06,1951,N21,nominal,2.0NRT,292.18,1.53,N
21.92413,85.2254,305.64,0.4,0.37,2026-09-06,1951,N21,nominal,2.0NRT,290.96,1.53,N
21.83061,84.92894,306.5,0.41,0.37,2026-09-06,1951,N21,nominal,2.0NRT,291.41,1.79,N
21.98265,83.23364,310.95,0.48,0.4,2026-09-06,1951,N21,nominal,2.0NRT,290.97,3.63,N
22.00321,82.67044,315.66,0.51,0.41,2026-09-06,1951,N21,nominal,2.0NRT,291.68,3.33,N
21.82072,83.99737,307.74,0.44,0.39,2026-09-06,1951,N21,nominal,2.0NRT,290.2,2.84,N
21.8028,83.89114,316.61,0.45,0.39,2026-09-06,1951,N21,nominal,2.0NRT,291.41,5.2,N
21.7702,84.02148,307.86,0.44,0.39,2026-09-06,1951,N21,nominal,2.0NRT,291.52,2.41,N
21.76668,84.02093,315.08,0.44,0.39,2026-09-06,1951,N21,nominal,2.0NRT,291.84,2.41,N
21.76316,84.02039,316.08,0.44,0.39,2026-09-06,1951,N21,nominal,2.0NRT,292.6,5.04,N
21.75552,84.02353,308.12,0.44,0.39,2026-09-06,1951,N21,nominal,2.0NRT,292.38,3.79,N
21.76145,83.84943,332.73,0.45,0.39,2026-09-06,1951,N21,nominal,2.0NRT,292.77,7.56,N
21.75848,83.84456,312.83,0.45,0.39,2026-09-06,1951,N21,nominal,2.0NRT,291.95,3.45,N
21.75493,83.84402,325.2,0.45,0.39,2026-09-06,1951,N21,nominal,2.0NRT,292.45,3.45,N
21.75846,83.81814,305.94,0.45,0.39,2026-09-06,1951,N21,nominal,2.0NRT,291.27,2.72,N
21.75138,83.84347,307.62,0.45,0.39,2026-09-06,1951,N21,nominal,2.0NRT,291.53,6.22,N
21.74782,83.84293,333.05,0.45,0.39,2026-09-06,1951,N21,nominal,2.0NRT,293.38,6.22,N
21.74427,83.8424,321.89,0.45,0.39,2026-09-06,1951,N21,nominal,2.0NRT,292.42,3.14,N
21.74072,83.84187,313.14,0.45,0.39,2026-09-06,1951,N21,nominal,2.0NRT,292.44,3.14,N
21.73716,83.84133,306.03,0.45,0.39,2026-09-06,1951,N21,nominal,2.0NRT,291.7,3.15,N
21.69684,84.0316,305.16,0.44,0.38,2026-09-06,1951,N21,nominal,2.0NRT,291.21,2.18,N
21.68093,84.03916,306.01,0.44,0.38,2026-09-06,1951,N21,nominal,2.0NRT,291.78,2.02,N
21.67741,84.03861,319.51,0.44,0.38,2026-09-06,1951,N21,nominal,2.0NRT,292.17,2.02,N
21.67329,84.04231,307.47,0.44,0.38,2026-09-06,1951,N21,nominal,2.0NRT,291.54,1.34,N
20.99956,86.02483,310.64,0.39,0.36,2026-09-06,1951,N21,nominal,2.0NRT,292.53,3.29,N
20.99737,86.01688,306.61,0.39,0.36,2026-09-06,1951,N21,nominal,2.0NRT,292.06,3.47,N
20.97534,86.00551,313.77,0.39,0.36,2026-09-06,1951,N21,nominal,2.0NRT,291.69,3.57,N
20.96533,86.0493,315.3,0.39,0.36,2026-09-06,1951,N21,nominal,2.0NRT,291.54,4.42,N
20.96761,86.01177,312.83,0.39,0.36,2026-09-06,1951,N21,nominal,2.0NRT,293.39,4.63,N
20.96414,86.01098,328.03,0.39,0.36,2026-09-06,1951,N21,nominal,2.0NRT,292.65,2.79,N
20.9647,86.00729,307.27,0.39,0.36,2026-09-06,1951,N21,nominal,2.0NRT,292.5,2.79,N
20.96139,86.00672,329.84,0.39,0.36,2026-09-06,1951,N21,nominal,2.0NRT,292.1,2.79,N
20.93917,86.06352,322.48,0.39,0.36,2026-09-06,1951,N21,nominal,2.0NRT,286.25,2.13,N
21.48497,81.76863,308.04,0.57,0.43,2026-09-06,1951,N21,nominal,2.0NRT,290.88,1.78,N
20.96684,85.15375,308.85,0.4,0.37,2026-09-06,1951,N21,nominal,2.0NRT,288.92,3.53,N
21.37604,81.67924,313.69,0.57,0.43,2026-09-06,1951,N21,nominal,2.0NRT,290.89,5.37,N
21.37648,81.64273,309.02,0.38,0.43,2026-09-06,1951,N21,nominal,2.0NRT,289.84,2.47,N
20.88726,84.98001,317.45,0.4,0.37,2026-09-06,1951,N21,nominal,2.0NRT,292.25,2.84,N
20.88332,84.98332,306.85,0.4,0.37,2026-09-06,1951,N21,nominal,2.0NRT,292.24,2.47,N
20.86867,84.98887,306.01,0.4,0.37,2026-09-06,1951,N21,nominal,2.0NRT,291.79,1.47,N
20.86811,84.9927,307.79,0.4,0.37,2026-09-06,1951,N21,nominal,2.0NRT,292.29,1.47,N
20.8653,84.9883,323.32,0.4,0.37,2026-09-06,1951,N21,nominal,2.0NRT,292.15,1.65,N
20.86473,84.99213,307.16,0.4,0.37,2026-09-06,1951,N21,nominal,2.0NRT,292.27,1.65,N
20.86192,84.98773,312.63,0.4,0.37,2026-09-06,1951,N21,nominal,2.0NRT,289.97,1.65,N
20.79797,85.25918,318.29,0.4,0.37,2026-09-06,1951,N21,nominal,2.0NRT,290.52,3.75,N
20.79518,85.25484,322.61,0.4,0.37,2026-09-06,1951,N21,nominal,2.0NRT,290.58,3.94,N
20.78736,85.2613,309.22,0.4,0.37,2026-09-06,1951,N21,nominal,2.0NRT,289.98,4.23,N
20.7868,85.26508,315.21,0.4,0.37,2026-09-06,1951,N21,nominal,2.0NRT,291.95,3.82,N
20.78345,85.26453,322.86,0.4,0.37,2026-09-06,1951,N21,nominal,2.0NRT,291.6,4.24,N
20.76168,85.29589,314,0.4,0.37,2026-09-06,1951,N21,nominal,2.0NRT,292.13,3.23,N
20.76113,85.29971,310.07,0.4,0.37,2026-09-06,1951,N21,nominal,2.0NRT,290.1,2.21,N
20.75834,85.29536,307.05,0.4,0.37,2026-09-06,1951,N21,nominal,2.0NRT,291.92,3.3,N
21.18746,81.39248,307.85,0.39,0.44,2026-09-06,1951,N21,nominal,2.0NRT,290.36,1.97,N
21.18388,81.38812,307.27,0.4,0.44,2026-09-06,1951,N21,nominal,2.0NRT,289.69,1.97,N
21.17984,81.38757,334.69,0.4,0.44,2026-09-06,1951,N21,nominal,2.0NRT,290.64,5.58,N
21.33674,78.96648,312.94,0.56,0.52,2026-09-06,1951,N21,nominal,2.0NRT,287.88,2.19,N
21.33617,78.97189,303.5,0.56,0.52,2026-09-06,1951,N21,nominal,2.0NRT,287.65,2.19,N
21.33481,78.9703,317.42,0.56,0.52,2026-09-06,1951,N21,nominal,2.0NRT,288.35,2.73,N
21.24511,79.22173,300.76,0.54,0.51,2026-09-06,1951,N21,nominal,2.0NRT,284.94,1.43,N
20.7025,78.62045,304.89,0.58,0.52,2026-09-06,1951,N21,nominal,2.0NRT,290.46,1.43,N
20.69586,78.63654,306.64,0.58,0.52,2026-09-06,1951,N21,nominal,2.0NRT,289.87,1.82,N
19.92065,79.11182,308.37,0.53,0.5,2026-09-06,1951,N21,nominal,2.0NRT,291.33,1.39,N
19.10446,82.16328,322.2,0.51,0.41,2026-09-06,1951,N21,nominal,2.0NRT,290.44,1.96,N
19.10381,82.16806,310.01,0.51,0.41,2026-09-06,1951,N21,nominal,2.0NRT,291.73,1.96,N
19.0963,82.16698,318.95,0.51,0.41,2026-09-06,1951,N21,nominal,2.0NRT,290.87,2.64,N
19.93681,73.71275,302.18,0.6,0.71,2026-09-06,1951,N21,nominal,2.0NRT,285.75,1.17,N
19.9364,73.71198,304.75,0.6,0.71,2026-09-06,1951,N21,nominal,2.0NRT,286.13,1.49,N
18.71861,79.50751,320.2,0.48,0.48,2026-09-06,1951,N21,nominal,2.0NRT,292.32,2.19,N
17.69401,83.2431,307.37,0.44,0.38,2026-09-06,1951,N21,nominal,2.0NRT,292.97,3.07,N
17.95671,80.79757,308.92,0.39,0.44,2026-09-06,1951,N21,nominal,2.0NRT,286.23,1.28,N
17.60583,83.20129,309.33,0.44,0.38,2026-09-06,1951,N21,nominal,2.0NRT,288.42,3.22,N
18.70239,72.87109,299.8,0.66,0.73,2026-09-06,1951,N21,nominal,2.0NRT,287.35,2.22,N
15.18383,76.66652,300.28,0.33,0.56,2026-09-06,1953,N21,nominal,2.0NRT,258.15,0.76,N
15.02131,78.01621,302.1,0.54,0.51,2026-09-06,1953,N21,nominal,2.0NRT,279.67,1.34,N
15.02251,78.01427,306.85,0.54,0.51,2026-09-06,1953,N21,nominal,2.0NRT,280.86,1.86,N
15.17636,76.65552,297.68,0.33,0.56,2026-09-06,1953,N21,nominal,2.0NRT,256.27,0.89,N
15.16735,76.37926,295.86,0.35,0.57,2026-09-06,1953,N21,nominal,2.0NRT,269,0.78,N
33.04191,56.84811,313.75,0.49,0.49,2026-09-06,2129,N21,nominal,2.0NRT,297.22,2.29,N
29.47525,76.85799,324.48,0.54,0.68,2026-09-06,2129,N21,nominal,2.0NRT,289.53,3.96,N
32.3364,54.08753,304.14,0.35,0.57,2026-09-06,2129,N21,nominal,2.0NRT,290.89,1.02,N
28.34751,77.23099,304.74,0.6,0.71,2026-09-06,2129,N21,nominal,2.0NRT,286.45,1.08,N
31.9428,54.04408,307.72,0.35,0.57,2026-09-06,2129,N21,nominal,2.0NRT,294.28,1.23,N
31.92635,54.05389,312.15,0.35,0.57,2026-09-06,2129,N21,nominal,2.0NRT,296.52,1.3,N
31.9253,54.05411,307.31,0.35,0.57,2026-09-06,2129,N21,nominal,2.0NRT,296.5,1.07,N
31.70594,55.44993,307.01,0.57,0.52,2026-09-06,2129,N21,nominal,2.0NRT,296.3,3.01,N
31.70572,55.44773,308.9,0.57,0.52,2026-09-06,2129,N21,nominal,2.0NRT,296.95,2.95,N
31.6226,54.72623,305.94,0.63,0.54,2026-09-06,2129,N21,nominal,2.0NRT,292.52,1.84,N
30.75652,56.65636,318.13,0.47,0.48,2026-09-06,2129,N21,nominal,2.0NRT,295,3.03,N
28.42422,69.7018,316.33,0.43,0.46,2026-09-06,2129,N21,nominal,2.0NRT,296.28,1.49,N
28.42334,69.69944,316.01,0.43,0.46,2026-09-06,2129,N21,nominal,2.0NRT,296.25,1.29,N
30.37049,56.1289,312.43,0.5,0.49,2026-09-06,2129,N21,nominal,2.0NRT,292.49,1.42,N
30.32677,56.22705,303.74,0.5,0.49,2026-09-06,2129,N21,nominal,2.0NRT,292.02,1.66,N
30.23549,56.90657,315.2,0.45,0.47,2026-09-06,2129,N21,nominal,2.0NRT,293.3,2.9,N
30.32434,55.97179,304.73,0.51,0.5,2026-09-06,2129,N21,nominal,2.0NRT,291.08,0.7,N
30.21872,56.98455,300.87,0.45,0.47,2026-09-06,2129,N21,nominal,2.0NRT,288.07,0.63,N
27.28563,73.83921,303.97,0.4,0.6,2026-09-06,2129,N21,nominal,2.0NRT,291.86,0.89,N
30.21675,55.98018,304.63,0.51,0.5,2026-09-06,2129,N21,nominal,2.0NRT,291.63,1.83,N
29.47765,60.80761,306.77,0.43,0.38,2026-09-06,2129,N21,nominal,2.0NRT,289.9,1.17,N
30.08192,55.3982,314.81,0.55,0.51,2026-09-06,2129,N21,nominal,2.0NRT,291.12,3.38,N
29.92772,56.73198,303.37,0.46,0.47,2026-09-06,2129,N21,nominal,2.0NRT,292.44,1.46,N
29.99205,55.85432,304.69,0.52,0.5,2026-09-06,2129,N21,nominal,2.0NRT,289.73,1.85,N
29.98749,55.85366,337.69,0.52,0.5,2026-09-06,2129,N21,nominal,2.0NRT,292.39,20.41,N
29.98702,55.85866,316.64,0.52,0.5,2026-09-06,2129,N21,nominal,2.0NRT,289.24,12.56,N
29.51391,55.79762,304.18,0.52,0.5,2026-09-06,2131,N21,nominal,2.0NRT,292.1,1.21,N
29.15091,55.36636,302.66,0.54,0.51,2026-09-06,2131,N21,nominal,2.0NRT,292.13,1.06,N
28.21403,61.20894,301.7,0.41,0.37,2026-09-06,2131,N21,nominal,2.0NRT,287.83,0.51,N
27.22625,60.48915,310.38,0.42,0.38,2026-09-06,2131,N21,nominal,2.0NRT,300.17,3.08,N
27.30148,56.30302,314.32,0.45,0.47,2026-09-06,2131,N21,nominal,2.0NRT,297.93,4.77,N
25.38676,68.58319,315.41,0.42,0.45,2026-09-06,2131,N21,nominal,2.0NRT,296.36,3.07,N
27.16875,56.04845,307.81,0.47,0.47,2026-09-06,2131,N21,nominal,2.0NRT,297.65,3.16,N
27.16826,56.05313,319.02,0.47,0.47,2026-09-06,2131,N21,nominal,2.0NRT,298.78,3.16,N
27.16149,56.07583,310.77,0.46,0.47,2026-09-06,2131,N21,nominal,2.0NRT,298.16,3.54,N
27.15858,56.10384,317.07,0.46,0.47,2026-09-06,2131,N21,nominal,2.0NRT,298.53,5.58,N
27.1552,56.05133,309.47,0.47,0.47,2026-09-06,2131,N21,nominal,2.0NRT,298.93,5.75,N
27.1446,56.11131,312.8,0.46,0.47,2026-09-06,2131,N21,nominal,2.0NRT,298.83,5.88,N
25.96557,56.06742,315.52,0.45,0.47,2026-09-06,2131,N21,nominal,2.0NRT,300.28,4.17,N
25.90494,54.53131,310.97,0.56,0.51,2026-09-06,2131,N21,nominal,2.0NRT,299.5,0.49,N
25.55847,55.98433,311.41,0.45,0.47,2026-09-06,2131,N21,nominal,2.0NRT,300.16,1.61,N
25.30539,56.37299,311.01,0.42,0.45,2026-09-06,2131,N21,nominal,2.0NRT,298.56,1.25,N
22.93151,69.70107,302.36,0.55,0.51,2026-09-06,2131,N21,nominal,2.0NRT,292.14,1.36,N
24.98869,55.62693,324.96,0.46,0.47,2026-09-06,2131,N21,nominal,2.0NRT,299.74,1.83,N
24.50538,56.6079,341.39,0.4,0.44,2026-09-06,2131,N21,nominal,2.0NRT,300.09,6.42,N
24.50729,56.59214,313.79,0.4,0.44,2026-09-06,2131,N21,nominal,2.0NRT,299.88,1.69,N
24.50179,56.6034,312.96,0.4,0.44,2026-09-06,2131,N21,nominal,2.0NRT,299.55,3.41,N
24.47363,56.63144,311.01,0.4,0.44,2026-09-06,2131,N21,nominal,2.0NRT,297.99,0.93,N
24.45398,56.55295,313.13,0.4,0.44,2026-09-06,2131,N21,nominal,2.0NRT,299.22,1.05,N
24.60842,54.15254,317,0.57,0.52,2026-09-06,2131,N21,nominal,2.0NRT,300.18,2.93,N
24.51024,54.01814,325.33,0.58,0.52,2026-09-06,2131,N21,nominal,2.0NRT,301.05,3.19,N
24.32495,54.46645,316.59,0.54,0.51,2026-09-06,2131,N21,nominal,2.0NRT,301.48,2.41,N
24.3258,54.47025,316.16,0.54,0.51,2026-09-06,2131,N21,nominal,2.0NRT,300.79,3.18,N
21.10685,72.64314,298.83,0.46,0.64,2026-09-06,2131,N21,nominal,2.0NRT,284.33,1.82,N
21.10587,72.64745,308.43,0.46,0.64,2026-09-06,2131,N21,nominal,2.0NRT,284.69,1.82,N
23.4838,58.28197,315.97,0.48,0.4,2026-09-06,2131,N21,nominal,2.0NRT,298.41,5.8,N
23.36411,56.28139,314.9,0.41,0.45,2026-09-06,2131,N21,nominal,2.0NRT,300.03,1.72,N
23.36457,56.28133,312.67,0.4,0.45,2026-09-06,2131,N21,nominal,2.0NRT,300.25,1.65,N
23.19193,55.45554,321.08,0.45,0.47,2026-09-06,2131,N21,nominal,2.0NRT,300.13,6.01,N
23.31358,54.17821,307.79,0.55,0.51,2026-09-06,2131,N21,nominal,2.0NRT,297.46,1.65,N
23.15375,55.446,326.59,0.45,0.47,2026-09-06,2131,N21,nominal,2.0NRT,297.76,3.92,N
23.15326,55.45041,307.1,0.45,0.47,2026-09-06,2131,N21,nominal,2.0NRT,294.01,2.78,N
22.87988,55.92755,311.5,0.42,0.45,2026-09-06,2131,N21,nominal,2.0NRT,287.57,3.69,N
22.87265,55.61485,308.25,0.44,0.46,2026-09-06,2131,N21,nominal,2.0NRT,288.58,1.75,N
22.67226,56.25098,312.33,0.4,0.44,2026-09-06,2131,N21,nominal,2.0NRT,297.15,2.52,N
22.4049,56.98679,320.26,0.54,0.42,2026-09-06,2131,N21,nominal,2.0NRT,296.96,5.26,N
22.3469,56.43437,327.35,0.39,0.44,2026-09-06,2131,N21,nominal,2.0NRT,297.76,3.81,N
22.32801,56.48836,338.13,0.38,0.43,2026-09-06,2131,N21,nominal,2.0NRT,297.2,4.39,N
22.08017,55.97703,308.25,0.41,0.45,2026-09-06,2133,N21,nominal,2.0NRT,297.23,4.97,N
21.93844,57.07185,329.18,0.53,0.42,2026-09-06,2133,N21,nominal,2.0NRT,296.58,4.61,N
21.89257,56.84472,318.46,0.54,0.42,2026-09-06,2133,N21,nominal,2.0NRT,296.2,1.79,N
21.89072,56.84795,317.96,0.54,0.42,2026-09-06,2133,N21,nominal,2.0NRT,296.28,2.34,N
21.83294,56.67851,319.85,0.55,0.43,2026-09-06,2133,N21,nominal,2.0NRT,296.51,1.65,N
21.33432,57.72373,312.58,0.48,0.4,2026-09-06,2133,N21,nominal,2.0NRT,295.73,1.67,N
21.31965,57.7215,316.13,0.48,0.4,2026-09-06,2133,N21,nominal,2.0NRT,296.04,2.09,N
21.31288,57.744,338.15,0.48,0.4,2026-09-06,2133,N21,nominal,2.0NRT,296.53,5.56,N
21.30182,57.79839,317.96,0.48,0.4,2026-09-06,2133,N21,nominal,2.0NRT,296.49,1.85,N
21.30685,57.70543,316.16,0.48,0.4,2026-09-06,2133,N21,nominal,2.0NRT,296.09,1.6,N
21.29524,57.68013,316.26,0.48,0.4,2026-09-06,2133,N21,nominal,2.0NRT,295.67,1.64,N
21.4081,55.7434,325.26,0.41,0.45,2026-09-06,2133,N21,nominal,2.0NRT,298.41,3.67,N
20.55903,56.41829,306.84,0.55,0.43,2026-09-06,2133,N21,nominal,2.0NRT,295.56,0.72,N
20.38708,55.66103,335.78,0.4,0.45,2026-09-06,2133,N21,nominal,2.0NRT,297.36,3.61,N
20.38445,55.64882,313.48,0.41,0.45,2026-09-06,2133,N21,nominal,2.0NRT,296.54,2.37,N
20.22392,55.74047,331.93,0.4,0.44,2026-09-06,2133,N21,nominal,2.0NRT,298.32,2.79,N
20.21093,55.71152,319.28,0.4,0.44,2026-09-06,2133,N21,nominal,2.0NRT,296.2,2.11,N
19.34852,56.45942,306.31,0.53,0.42,2026-09-06,2133,N21,nominal,2.0NRT,294.65,0.73,N
15.65738,73.98853,302.91,0.73,0.76,2026-09-06,2133,N21,nominal,2.0NRT,285.05,1.98,N
18.32257,55.10369,327.96,0.41,0.45,2026-09-06,2133,N21,nominal,2.0NRT,294.5,2.69,N
18.03257,54.64071,313.11,0.44,0.46,2026-09-06,2133,N21,nominal,2.0NRT,296.42,1.55,N
18.01535,54.57129,312.04,0.44,0.46,2026-09-06,2133,N21,nominal,2.0NRT,295.92,2.52,N
18.0111,54.57073,338.38,0.44,0.46,2026-09-06,2133,N21,nominal,2.0NRT,297.91,7.94,N
17.88832,54.48326,338.18,0.45,0.47,2026-09-06,2133,N21,nominal,2.0NRT,296.93,10.5,N
17.88781,54.48745,305.84,0.44,0.46,2026-09-06,2133,N21,nominal,2.0NRT,294.29,10.5,N
38.21705,77.10107,298.43,0.34,0.56,2026-09-06,2127,N21,nominal,2.0NRT,287.12,0.68,N
39.85503,66.20004,299.84,0.38,0.36,2026-09-06,2127,N21,nominal,2.0NRT,289.13,0.66,N
39.55216,66.83019,298.69,0.38,0.36,2026-09-06,2127,N21,nominal,2.0NRT,288.63,0.48,N
39.17633,68.61306,300.81,0.41,0.37,2026-09-06,2127,N21,nominal,2.0NRT,283.22,1.02,N
39.20197,66.83984,304.74,0.38,0.36,2026-09-06,2127,N21,nominal,2.0NRT,289.95,1.12,N
39.49865,64.69356,315.27,0.4,0.37,2026-09-06,2127,N21,nominal,2.0NRT,288.16,0.84,N
39.50459,63.87109,302.59,0.42,0.37,2026-09-06,2127,N21,nominal,2.0NRT,288.64,0.43,N
39.18269,65.3125,315.53,0.39,0.36,2026-09-06,2127,N21,nominal,2.0NRT,290.98,1.83,N
38.3955,69.11229,303.82,0.43,0.38,2026-09-06,2127,N21,nominal,2.0NRT,291.57,1.2,N
39.14618,64.27242,303.95,0.41,0.37,2026-09-06,2127,N21,nominal,2.0NRT,289.5,0.64,N
39.30465,62.97644,301.74,0.44,0.39,2026-09-06,2127,N21,nominal,2.0NRT,288.39,0.87,N
39.23817,63.50128,300.44,0.43,0.38,2026-09-06,2127,N21,nominal,2.0NRT,288.57,0.57,N
39.27669,63.0853,303.97,0.44,0.38,2026-09-06,2127,N21,nominal,2.0NRT,287.48,0.61,N
39.25047,63.2089,308.73,0.43,0.38,2026-09-06,2127,N21,nominal,2.0NRT,289.16,1.2,N
39.24984,63.21391,311.46,0.43,0.38,2026-09-06,2127,N21,nominal,2.0NRT,289.66,1.72,N
39.2491,63.21185,315.94,0.43,0.38,2026-09-06,2127,N21,nominal,2.0NRT,289.55,2.39,N
39.24846,63.21685,301.97,0.43,0.38,2026-09-06,2127,N21,nominal,2.0NRT,288.86,0.44,N
39.25079,63.17107,306.19,0.44,0.38,2026-09-06,2127,N21,nominal,2.0NRT,287.22,0.62,N
39.17656,63.5764,300.37,0.42,0.38,2026-09-06,2127,N21,nominal,2.0NRT,287.27,0.44,N
38.32619,68.9856,304.69,0.42,0.38,2026-09-06,2127,N21,nominal,2.0NRT,292.34,1.38,N
39.19357,63.28208,299.64,0.43,0.38,2026-09-06,2127,N21,nominal,2.0NRT,288.48,0.56,N
39.18527,63.34649,306.92,0.43,0.38,2026-09-06,2127,N21,nominal,2.0NRT,287.95,1.33,N
39.19745,63.19592,298.81,0.43,0.38,2026-09-06,2127,N21,nominal,2.0NRT,287.66,0.83,N
39.17769,63.34996,300.38,0.43,0.38,2026-09-06,2127,N21,nominal,2.0NRT,288.18,0.63,N
39.15895,63.46728,304.05,0.43,0.38,2026-09-06,2127,N21,nominal,2.0NRT,287.65,0.79,N
39.17139,63.34356,300.21,0.43,0.38,2026-09-06,2127,N21,nominal,2.0NRT,287.66,0.69,N
39.13516,63.62238,298.26,0.42,0.38,2026-09-06,2127,N21,nominal,2.0NRT,288.18,0.57,N
39.17207,63.28266,301.3,0.43,0.38,2026-09-06,2127,N21,nominal,2.0NRT,288.59,1.11,N
39.16986,63.272,310.4,0.43,0.38,2026-09-06,2127,N21,nominal,2.0NRT,288.56,1.69,N
39.16829,63.25636,316.25,0.43,0.38,2026-09-06,2127,N21,nominal,2.0NRT,290.33,3.06,N
39.16765,63.26133,304.74,0.43,0.38,2026-09-06,2127,N21,nominal,2.0NRT,288.94,1.13,N
39.16417,63.2606,307.46,0.43,0.38,2026-09-06,2127,N21,nominal,2.0NRT,289.64,1.13,N
39.12943,63.47608,298.92,0.43,0.38,2026-09-06,2127,N21,nominal,2.0NRT,287.84,0.37,N
39.12946,63.42069,315.02,0.43,0.38,2026-09-06,2127,N21,nominal,2.0NRT,288.19,2.16,N
39.12841,63.30706,306.89,0.43,0.38,2026-09-06,2127,N21,nominal,2.0NRT,288.58,1.15,N
39.11413,63.33449,319.85,0.43,0.38,2026-09-06,2127,N21,nominal,2.0NRT,289.5,2.85,N
39.10513,63.40338,304.2,0.43,0.38,2026-09-06,2127,N21,nominal,2.0NRT,286.47,0.36,N
39.09372,63.43622,302.33,0.43,0.38,2026-09-06,2127,N21,nominal,2.0NRT,288.02,0.52,N
39.07936,63.51846,298.93,0.42,0.38,2026-09-06,2127,N21,nominal,2.0NRT,287.47,0.68,N
39.01606,63.70362,300.35,0.42,0.38,2026-09-06,2127,N21,nominal,2.0NRT,289.17,0.79,N
38.68259,65.9893,301.3,0.38,0.36,2026-09-06,2127,N21,nominal,2.0NRT,290.42,0.78,N
38.94067,64.13522,303.44,0.41,0.37,2026-09-06,2127,N21,nominal,2.0NRT,289.5,0.94,N
38.67813,65.95191,301.46,0.38,0.36,2026-09-06,2127,N21,nominal,2.0NRT,289.38,0.81,N
38.98537,63.58806,309.4,0.42,0.38,2026-09-06,2127,N21,nominal,2.0NRT,289.22,0.97,N
38.98669,63.58552,312.97,0.42,0.38,2026-09-06,2127,N21,nominal,2.0NRT,289.25,0.91,N
38.96161,63.69393,308.6,0.42,0.38,2026-09-06,2127,N21,nominal,2.0NRT,289.52,1.27,N
38.95327,63.75609,302.12,0.42,0.37,2026-09-06,2127,N21,nominal,2.0NRT,289.14,0.78,N
38.97166,63.59223,305.16,0.42,0.38,2026-09-06,2127,N21,nominal,2.0NRT,289.83,0.84,N
38.93746,63.82125,300.31,0.41,0.37,2026-09-06,2127,N21,nominal,2.0NRT,288.05,0.62,N
38.97393,63.46818,304.74,0.42,0.38,2026-09-06,2127,N21,nominal,2.0NRT,291.02,1.05,N
38.91487,63.80656,304.57,0.41,0.37,2026-09-06,2127,N21,nominal,2.0NRT,289.11,0.93,N
38.90996,63.79081,303.7,0.42,0.37,2026-09-06,2127,N21,nominal,2.0NRT,288.51,0.77,N
38.56211,65.95163,302.3,0.38,0.36,2026-09-06,2127,N21,nominal,2.0NRT,291.69,0.82,N
38.55883,65.95082,302.22,0.38,0.36,2026-09-06,2127,N21,nominal,2.0NRT,291.86,1.07,N
38.54901,65.94838,301.79,0.38,0.36,2026-09-06,2127,N21,nominal,2.0NRT,290.13,0.96,N
38.54259,65.9215,299.42,0.38,0.36,2026-09-06,2127,N21,nominal,2.0NRT,287.43,0.2,N
38.83595,63.82125,305.6,0.41,0.37,2026-09-06,2127,N21,nominal,2.0NRT,289.14,1.18,N
38.83319,63.81578,308.26,0.41,0.37,2026-09-06,2127,N21,nominal,2.0NRT,290.5,0.79,N
39.68221,54.3017,303.98,0.4,0.6,2026-09-06,2127,N21,nominal,2.0NRT,292.87,0.81,N
38.78449,63.9169,298.68,0.41,0.37,2026-09-06,2127,N21,nominal,2.0NRT,288.09,0.59,N
38.77338,63.81738,301.43,0.41,0.37,2026-09-06,2127,N21,nominal,2.0NRT,289.88,0.68,N
38.4649,65.78464,307.25,0.38,0.36,2026-09-06,2127,N21,nominal,2.0NRT,294.58,2.07,N
38.05131,67.26274,328.31,0.39,0.36,2026-09-06,2127,N21,nominal,2.0NRT,292.56,6.13,N
38.05058,67.26716,320.28,0.39,0.36,2026-09-06,2127,N21,nominal,2.0NRT,290.79,6.13,N
38.2075,64.73797,302.46,0.39,0.36,2026-09-06,2127,N21,nominal,2.0NRT,288.37,0.41,N
38.16361,64.59582,307.23,0.39,0.37,2026-09-06,2127,N21,nominal,2.0NRT,288.19,0.62,N
38.12817,64.67529,315.19,0.39,0.36,2026-09-06,2127,N21,nominal,2.0NRT,290.3,1.86,N
38.11857,64.742,305.34,0.39,0.36,2026-09-06,2127,N21,nominal,2.0NRT,289.39,0.51,N
38.11909,64.71457,299.52,0.39,0.36,2026-09-06,2127,N21,nominal,2.0NRT,287.94,0.42,N
38.0564,64.88779,327.29,0.39,0.36,2026-09-06,2127,N21,nominal,2.0NRT,289.41,3.08,N
38.05117,64.90026,304.19,0.39,0.36,2026-09-06,2127,N21,nominal,2.0NRT,288.78,1.33,N
38.05053,64.90467,319.26,0.39,0.36,2026-09-06,2127,N21,nominal,2.0NRT,289.27,1.33,N
37.93036,65.64177,299.98,0.38,0.36,2026-09-06,2127,N21,nominal,2.0NRT,288.79,0.39,N
37.96869,65.04662,305.24,0.39,0.36,2026-09-06,2127,N21,nominal,2.0NRT,288.36,0.7,N
37.88369,65.13749,305.3,0.39,0.36,2026-09-06,2127,N21,nominal,2.0NRT,287.85,1.15,N
37.88754,65.08865,306.66,0.39,0.36,2026-09-06,2127,N21,nominal,2.0NRT,288.77,1.11,N
37.83044,65.17461,315.28,0.39,0.36,2026-09-06,2127,N21,nominal,2.0NRT,288.87,1.09,N
37.81598,65.18021,303.22,0.39,0.36,2026-09-06,2127,N21,nominal,2.0NRT,288.47,0.91,N
37.80087,65.19018,308.86,0.39,0.36,2026-09-06,2127,N21,nominal,2.0NRT,287.93,0.9,N
37.75591,65.48959,299.38,0.39,0.36,2026-09-06,2127,N21,nominal,2.0NRT,288.1,0.49,N
37.73388,65.49874,301.2,0.39,0.36,2026-09-06,2127,N21,nominal,2.0NRT,288.67,0.5,N
37.72863,65.51092,300.56,0.38,0.36,2026-09-06,2127,N21,nominal,2.0NRT,288.85,0.74,N
37.75607,65.21667,298.38,0.39,0.36,2026-09-06,2127,N21,nominal,2.0NRT,287.94,0.59,N
37.74685,65.20999,302.31,0.39,0.36,2026-09-06,2127,N21,nominal,2.0NRT,287.61,0.62,N
37.71468,65.24287,304.66,0.39,0.36,2026-09-06,2127,N21,nominal,2.0NRT,288.42,0.76,N
37.67397,65.26469,307.09,0.39,0.36,2026-09-06,2127,N21,nominal,2.0NRT,288.9,0.99,N
37.66415,65.28481,316.48,0.39,0.36,2026-09-06,2127,N21,nominal,2.0NRT,287.99,1.68,N
38.67918,54.31298,312.15,0.39,0.59,2026-09-06,2127,N21,nominal,2.0NRT,291.93,1.38,N
38.67895,54.3175,301.81,0.39,0.59,2026-09-06,2127,N21,nominal,2.0NRT,291.39,1.12,N
37.98375,61.88206,312.72,0.47,0.4,2026-09-06,2127,N21,nominal,2.0NRT,287.51,1.02,N
38.64719,54.2807,338.48,0.39,0.59,2026-09-06,2127,N21,nominal,2.0NRT,293.28,3.94,N
37.88583,62.0204,299.73,0.46,0.39,2026-09-06,2127,N21,nominal,2.0NRT,287.11,1,N
38.25518,58.39123,305.42,0.46,0.47,2026-09-06,2127,N21,nominal,2.0NRT,294.34,1.83,N
37.79605,62.55091,322.63,0.44,0.39,2026-09-06,2127,N21,nominal,2.0NRT,287.71,3.15,N
37.78675,62.53882,319.2,0.44,0.39,2026-09-06,2127,N21,nominal,2.0NRT,286.99,2.23,N
37.7845,62.52811,304.8,0.44,0.39,2026-09-06,2127,N21,nominal,2.0NRT,285.1,1.29,N
38.26056,57.656,310.22,0.51,0.49,2026-09-06,2127,N21,nominal,2.0NRT,294.96,2.89,N
38.25052,57.66686,305.31,0.5,0.49,2026-09-06,2127,N21,nominal,2.0NRT,293.84,1.3,N
38.21947,57.98733,307.66,0.48,0.48,2026-09-06,2127,N21,nominal,2.0NRT,290.45,0.94,N
38.19174,58.05067,302.18,0.48,0.48,2026-09-06,2127,N21,nominal,2.0NRT,290.04,1.43,N
37.77514,62.1035,302.73,0.46,0.39,2026-09-06,2127,N21,nominal,2.0NRT,286.32,0.83,N
37.77671,62.02919,303.25,0.46,0.39,2026-09-06,2127,N21,nominal,2.0NRT,286.22,1,N
37.77567,62.02721,303.77,0.46,0.39,2026-09-06,2127,N21,nominal,2.0NRT,285.54,1.01,N
38.19273,58.04937,304.06,0.48,0.48,2026-09-06,2127,N21,nominal,2.0NRT,289.88,1.74,N
37.74483,62.12767,299,0.46,0.39,2026-09-06,2127,N21,nominal,2.0NRT,285.56,0.71,N
37.74419,62.13282,296.01,0.46,0.39,2026-09-06,2127,N21,nominal,2.0NRT,285.54,0.71,N
37.7405,62.07378,303.13,0.46,0.39,2026-09-06,2127,N21,nominal,2.0NRT,286.07,0.82,N
37.72719,62.09247,316.42,0.46,0.39,2026-09-06,2127,N21,nominal,2.0NRT,287.42,1.54,N
37.72655,62.09766,297.27,0.46,0.39,2026-09-06,2127,N21,nominal,2.0NRT,286.15,1.54,N
37.79541,61.49463,303.38,0.49,0.4,2026-09-06,2127,N21,nominal,2.0NRT,286.46,1.26,N
37.74873,61.85525,296.27,0.47,0.4,2026-09-06,2127,N21,nominal,2.0NRT,284.57,0.69,N
37.74638,61.84398,299.58,0.47,0.4,2026-09-06,2127,N21,nominal,2.0NRT,286.95,1.09,N
37.66956,62.23416,302.08,0.45,0.39,2026-09-06,2127,N21,nominal,2.0NRT,285.61,0.99,N
37.66893,62.23927,307.84,0.45,0.39,2026-09-06,2127,N21,nominal,2.0NRT,285.83,1.12,N
37.66181,62.23788,307.8,0.45,0.39,2026-09-06,2127,N21,nominal,2.0NRT,286.6,1.79,N
37.65762,62.24231,301.78,0.45,0.39,2026-09-06,2127,N21,nominal,2.0NRT,285.35,0.9,N
37.63788,62.20525,315.88,0.45,0.39,2026-09-06,2127,N21,nominal,2.0NRT,286.67,1.72,N
37.6259,62.21342,308.65,0.45,0.39,2026-09-06,2127,N21,nominal,2.0NRT,286.9,1.03,N
37.62746,62.1718,300.24,0.45,0.39,2026-09-06,2127,N21,nominal,2.0NRT,286.36,0.78,N
37.65658,61.90636,301.58,0.47,0.39,2026-09-06,2127,N21,nominal,2.0NRT,286.2,1.1,N
37.62389,62.17111,305.68,0.45,0.39,2026-09-06,2127,N21,nominal,2.0NRT,290.09,1.31,N
37.65297,61.90567,302.22,0.47,0.39,2026-09-06,2127,N21,nominal,2.0NRT,287.65,1.1,N
37.62607,62.12417,304.04,0.46,0.39,2026-09-06,2127,N21,nominal,2.0NRT,286.37,0.56,N
37.62058,62.13892,321.77,0.46,0.39,2026-09-06,2127,N21,nominal,2.0NRT,288.55,2.29,N
37.61701,62.13824,305.23,0.46,0.39,2026-09-06,2127,N21,nominal,2.0NRT,286.35,2.29,N
37.62791,61.95991,298.09,0.46,0.39,2026-09-06,2127,N21,nominal,2.0NRT,286.14,0.39,N
37.63056,61.72265,299.71,0.47,0.4,2026-09-06,2127,N21,nominal,2.0NRT,285.87,0.83,N
37.9427,58.56524,302.68,0.45,0.47,2026-09-06,2127,N21,nominal,2.0NRT,290.65,1.08,N
37.61413,61.57668,312.59,0.48,0.4,2026-09-06,2127,N21,nominal,2.0NRT,290.36,2.23,N
37.611,61.60373,311.57,0.48,0.4,2026-09-06,2127,N21,nominal,2.0NRT,290.25,2.47,N
37.61037,61.60912,313.97,0.48,0.4,2026-09-06,2127,N21,nominal,2.0NRT,287.89,2.16,N
37.61471,61.60747,297.7,0.48,0.4,2026-09-06,2127,N21,nominal,2.0NRT,285.66,1.56,N
37.61498,61.57438,304.83,0.48,0.4,2026-09-06,2127,N21,nominal,2.0NRT,287.51,0.94,N
37.61106,61.6068,317.83,0.48,0.4,2026-09-06,2127,N21,nominal,2.0NRT,289.14,1.56,N
37.60741,61.60611,304.69,0.48,0.4,2026-09-06,2127,N21,nominal,2.0NRT,288.31,1.53,N
37.55634,61.93301,301.48,0.46,0.39,2026-09-06,2127,N21,nominal,2.0NRT,287.16,0.9,N
37.59798,61.56017,299.09,0.48,0.4,2026-09-06,2127,N21,nominal,2.0NRT,286.71,1.13,N
37.56886,61.80094,297.02,0.47,0.4,2026-09-06,2127,N21,nominal,2.0NRT,285.77,0.5,N
37.5939,61.53172,303.92,0.48,0.4,2026-09-06,2127,N21,nominal,2.0NRT,287.03,1.89,N
37.59002,61.56424,303.53,0.48,0.4,2026-09-06,2127,N21,nominal,2.0NRT,286.61,1.19,N
37.59089,61.52562,308.59,0.48,0.4,2026-09-06,2127,N21,nominal,2.0NRT,286.1,1.96,N
37.48086,62.00908,304.01,0.46,0.39,2026-09-06,2127,N21,nominal,2.0NRT,287.25,1.13,N
37.48023,62.01426,300.96,0.46,0.39,2026-09-06,2127,N21,nominal,2.0NRT,286.6,1.13,N
37.49675,61.84666,329.88,0.47,0.39,2026-09-06,2127,N21,nominal,2.0NRT,292.19,4.3,N
37.48104,61.97728,300.28,0.46,0.39,2026-09-06,2127,N21,nominal,2.0NRT,285.06,0.52,N
37.422,62.31133,320.92,0.45,0.39,2026-09-06,2127,N21,nominal,2.0NRT,286.92,2.82,N
37.63375,60.34405,300.48,0.54,0.42,2026-09-06,2127,N21,nominal,2.0NRT,287.65,0.72,N
37.62296,60.44181,296.58,0.54,0.42,2026-09-06,2127,N21,nominal,2.0NRT,286.52,0.5,N
37.82814,58.38552,303.55,0.46,0.47,2026-09-06,2127,N21,nominal,2.0NRT,291.32,1.3,N
37.53329,61.12964,296.36,0.5,0.41,2026-09-06,2127,N21,nominal,2.0NRT,284.65,0.93,N
37.53263,61.13527,306.82,0.5,0.41,2026-09-06,2127,N21,nominal,2.0NRT,285.38,0.93,N
37.51198,61.01602,309.06,0.5,0.41,2026-09-06,2127,N21,nominal,2.0NRT,289.16,1.68,N
37.50319,61.02607,310.81,0.5,0.41,2026-09-06,2127,N21,nominal,2.0NRT,289.52,1.74,N
36.63496,67.06597,310.65,0.39,0.37,2026-09-06,2127,N21,nominal,2.0NRT,292.01,1.01,N
37.48577,60.46085,300.56,0.53,0.42,2026-09-06,2127,N21,nominal,2.0NRT,286.8,0.77,N
37.34933,61.36137,300.08,0.49,0.4,2026-09-06,2127,N21,nominal,2.0NRT,285.89,1.18,N
37.32918,61.09549,297.93,0.5,0.41,2026-09-06,2127,N21,nominal,2.0NRT,285.66,0.89,N
37.32546,61.09483,302.28,0.5,0.41,2026-09-06,2127,N21,nominal,2.0NRT,287.43,0.89,N
37.35389,60.46734,297.47,0.53,0.42,2026-09-06,2127,N21,nominal,2.0NRT,287.23,0.31,N
37.11984,62.36357,322.77,0.44,0.39,2026-09-06,2127,N21,nominal,2.0NRT,288.4,2.68,N
37.11632,62.36289,315.7,0.44,0.39,2026-09-06,2127,N21,nominal,2.0NRT,289.44,2.14,N
37.0339,62.41554,336.51,0.44,0.38,2026-09-06,2127,N21,nominal,2.0NRT,290.92,5.05,N
37.02976,62.41977,313.45,0.44,0.38,2026-09-06,2127,N21,nominal,2.0NRT,289.62,1.31,N
37.179,60.86536,295.71,0.51,0.41,2026-09-06,2127,N21,nominal,2.0NRT,285.63,0.45,N
36.43988,61.2194,302.08,0.48,0.4,2026-09-06,2127,N21,nominal,2.0NRT,290.34,1.09,N
36.9434,54.88712,316.7,0.35,0.57,2026-09-06,2127,N21,nominal,2.0NRT,292.1,1.66,N
36.94798,54.88808,302.91,0.35,0.57,2026-09-06,2127,N21,nominal,2.0NRT,291.5,0.88,N
36.94275,54.88765,310.29,0.35,0.57,2026-09-06,2127,N21,nominal,2.0NRT,291.56,0.88,N
36.69972,57.20395,306.67,0.52,0.5,2026-09-06,2127,N21,nominal,2.0NRT,285.16,1.18,N
36.27096,59.65186,300.58,0.57,0.43,2026-09-06,2127,N21,nominal,2.0NRT,288.98,0.86,N
36.23866,59.72937,298.19,0.56,0.43,2026-09-06,2127,N21,nominal,2.0NRT,286.66,0.85,N
36.16479,57.68696,313.88,0.48,0.48,2026-09-06,2127,N21,nominal,2.0NRT,287.81,1.84,N
36.32266,54.83924,300.36,0.35,0.57,2026-09-06,2127,N21,nominal,2.0NRT,289.52,0.47,N
33.54538,71.55154,306.95,0.43,0.46,2026-09-06,2129,N21,nominal,2.0NRT,293.68,1.47,N
35.36921,59.30486,300.56,0.38,0.43,2026-09-06,2129,N21,nominal,2.0NRT,286.43,1.06,N
33.29612,71.18707,313.29,0.42,0.45,2026-09-06,2129,N21,nominal,2.0NRT,293.76,1.53,N
33.29797,71.18443,307.28,0.42,0.45,2026-09-06,2129,N21,nominal,2.0NRT,292.9,1.91,N
32.88883,71.61728,309.38,0.45,0.47,2026-09-06,2129,N21,nominal,2.0NRT,295,1.63,N
32.57333,72.56387,308.1,0.51,0.5,2026-09-06,2129,N21,nominal,2.0NRT,295.65,1.92,N
32.6544,70.4734,307.31,0.39,0.44,2026-09-06,2129,N21,nominal,2.0NRT,293.33,1.09,N
32.28944,70.74013,308.9,0.41,0.45,2026-09-06,2129,N21,nominal,2.0NRT,293.77,1.32,N
33.75396,59.14471,311.16,0.56,0.43,2026-09-06,2129,N21,nominal,2.0NRT,287.13,2.38,N
38.26245,57.65955,303.76,0.67,0.74,2026-09-06,2307,N21,nominal,2.0NRT,292.97,2.03,N
38.68028,54.31356,309.39,0.44,0.63,2026-09-06,2307,N21,nominal,2.0NRT,290.18,1.51,N
38.67787,54.31246,309.14,0.44,0.63,2026-09-06,2307,N21,nominal,2.0NRT,290.1,1.91,N
38.64935,54.28272,334.04,0.44,0.62,2026-09-06,2307,N21,nominal,2.0NRT,290.92,3.35,N
37.29611,55.48239,301.59,0.56,0.69,2026-09-06,2309,N21,nominal,2.0NRT,290.43,1.54,N
36.99113,56.23275,295.18,0.62,0.72,2026-09-06,2309,N21,nominal,2.0NRT,284.9,0.55,N
36.99084,56.2319,296.54,0.62,0.72,2026-09-06,2309,N21,nominal,2.0NRT,285.04,0.69,N
36.94534,54.88969,307.44,0.53,0.67,2026-09-06,2309,N21,nominal,2.0NRT,290.76,1.67,N
31.61898,54.72407,305.21,0.73,0.76,2026-09-06,2309,N21,nominal,2.0NRT,290.04,1.72,N
